<?xml version="1.0" encoding="UTF-8" standalone="no"?><TaskList Version="2.0"><TaskCategory Handle="handle-1" Name="A: IFM11"><TaskReference Handle="local-1"/><TaskReference Handle="local-39"/><TaskReference Handle="local-40"/><TaskReference Handle="local-41"/><TaskReference Handle="local-42"/><TaskReference Handle="local-43"/><TaskReference Handle="local-44"/><TaskReference Handle="local-52"/><TaskReference Handle="local-53"/><TaskReference Handle="local-59"/><TaskReference Handle="local-64"/><TaskReference Handle="local-65"/><TaskReference Handle="local-66"/><TaskReference Handle="local-67"/><TaskReference Handle="local-100"/><TaskReference Handle="local-102"/><TaskReference Handle="local-110"/><TaskReference Handle="local-111"/><TaskReference Handle="local-112"/><TaskReference Handle="local-114"/><TaskReference Handle="local-127"/><TaskReference Handle="local-128"/><TaskReference Handle="local-184"/><TaskReference Handle="local-186"/><TaskReference Handle="local-187"/><TaskReference Handle="local-188"/><TaskReference Handle="local-191"/><TaskReference Handle="local-192"/><TaskReference Handle="local-193"/></TaskCategory></TaskList>